GRINNING FACE,&#128512
GRINNING FACE WITH SMILING EYES,&#128513
FACE WITH TEARS OF JOY,&#128514
ROLLING ON THE FLOOR LAUGHING,&#129315
SMILING FACE WITH OPEN MOUTH,&#128515
SMILING FACE WITH OPEN MOUTH AND SMILING EYES ,&#128516
SMILING FACE WITH OPEN MOUTH AND COLD SWEAT ,&#128517
SMILING FACE WITH OPEN MOUTH AND TIGHTLY-CLOSED EYES ,&#128518
WINKING FACE,&#128521
SMILING FACE WITH SMILING EYES,&#128522
FACE SAVOURING DELICIOUS FOOD,&#128523
SMILING FACE WITH SUNGLASSES,&#128526
SMILING FACE WITH HEART-SHAPED EYES ,&#128525
FACE THROWING A KISS,&#128536
KISSING FACE,&#128535
KISSING FACE WITH SMILING EYES,&#128537
KISSING FACE WITH CLOSED EYES,&#128538
WHITE SMILING FACE ,&#9786
SLIGHTLY SMILING FACE,&#128578
HUGGING FACE,&#129303
THINKING FACE,&#129300
NEUTRAL FACE,&#128528
EXPRESSIONLESS FACE,&#128529
FACE WITHOUT MOUTH,&#128566
FACE WITH ROLLING EYES,&#128580
SMIRKING FACE,&#128527
PERSEVERING FACE,&#128547
DISAPPOINTED BUT RELIEVED FACE,&#128549
FACE WITH OPEN MOUTH,&#128558
ZIPPER-MOUTH FACE,&#129296
HUSHED FACE,&#128559
SLEEPY FACE,&#128554
TIRED FACE,&#128555
SLEEPING FACE,&#128564
RELIEVED FACE,&#128524
NERD FACE,&#129299
FACE WITH STUCK-OUT TONGUE,&#128539
FACE WITH STUCK-OUT TONGUE AND WINKING EYE ,&#128540
FACE WITH STUCK-OUT TONGUE AND TIGHTLY-CLOSED EYES ,&#128541
DROOLING FACE,&#129316
UNAMUSED FACE,&#128530
FACE WITH COLD SWEAT,&#128531
PENSIVE FACE,&#128532
CONFUSED FACE,&#128533
UPSIDE-DOWN FACE,&#128579
MONEY-MOUTH FACE,&#129297
ASTONISHED FACE,&#128562
WHITE FROWNING FACE ,&#9785
SLIGHTLY FROWNING FACE,&#128577
CONFOUNDED FACE,&#128534
DISAPPOINTED FACE,&#128542
WORRIED FACE,&#128543
FACE WITH LOOK OF TRIUMPH ,&#128548
CRYING FACE,&#128546
LOUDLY CRYING FACE,&#128557
FROWNING FACE WITH OPEN MOUTH,&#128550
ANGUISHED FACE,&#128551
FEARFUL FACE,&#128552
WEARY FACE,&#128553
GRIMACING FACE,&#128556
FACE WITH OPEN MOUTH AND COLD SWEAT ,&#128560
FACE SCREAMING IN FEAR,&#128561
FLUSHED FACE,&#128563
DIZZY FACE,&#128565
POUTING FACE,&#128545
ANGRY FACE,&#128544
SMILING FACE WITH HALO,&#128519
FACE WITH COWBOY HAT ,&#129312
CLOWN FACE,&#129313
LYING FACE,&#129317
FACE WITH MEDICAL MASK,&#128567
FACE WITH THERMOMETER,&#129298
FACE WITH HEAD-BANDAGE,&#129301
NAUSEATED FACE,&#129314
SNEEZING FACE,&#129319
SMILING FACE WITH HORNS,&#128520
IMP,&#128127
JAPANESE OGRE ,&#128121
JAPANESE GOBLIN ,&#128122
SKULL,&#128128
SKULL AND CROSSBONES,&#9760
GHOST,&#128123
EXTRATERRESTRIAL ALIEN ,&#128125
ALIEN MONSTER,&#128126
ROBOT FACE,&#129302
PILE OF POO,&#128169
SMILING CAT FACE WITH OPEN MOUTH,&#128570
GRINNING CAT FACE WITH SMILING EYES,&#128568
CAT FACE WITH TEARS OF JOY,&#128569
SMILING CAT FACE WITH HEART-SHAPED EYES ,&#128571
CAT FACE WITH WRY SMILE,&#128572
KISSING CAT FACE WITH CLOSED EYES,&#128573
WEARY CAT FACE,&#128576
CRYING CAT FACE,&#128575
POUTING CAT FACE,&#128574
SEE-NO-EVIL MONKEY ,&#128584
HEAR-NO-EVIL MONKEY ,&#128585
SPEAK-NO-EVIL MONKEY ,&#128586
BOY,&#128102
GIRL,&#128103
MAN,&#128104
WOMAN,&#128105
OLDER MAN ,&#128116
OLDER WOMAN ,&#128117
BABY,&#128118
BABY ANGEL,&#128124
POLICE OFFICER,&#128110
SLEUTH OR SPY ,&#128373
GUARDSMAN,&#128130
CONSTRUCTION WORKER,&#128119
MAN WITH TURBAN ,&#128115
PERSON WITH BLOND HAIR ,&#128113
FATHER CHRISTMAS ,&#127877
MOTHER CHRISTMAS,&#129334
PRINCESS,&#128120
PRINCE,&#129332
BRIDE WITH VEIL,&#128112
MAN IN TUXEDO,&#129333
PREGNANT WOMAN,&#129328
MAN WITH GUA PI MAO ,&#128114
PERSON FROWNING,&#128589
PERSON WITH POUTING FACE ,&#128590
FACE WITH NO GOOD GESTURE ,&#128581
FACE WITH OK GESTURE ,&#128582
INFORMATION DESK PERSON ,&#128129
HAPPY PERSON RAISING ONE HAND ,&#128587
PERSON BOWING DEEPLY ,&#128583
FACE PALM ,&#129318
SHRUG ,&#129335
FACE MASSAGE ,&#128134
HAIRCUT ,&#128135
PEDESTRIAN ,&#128694
RUNNER ,&#127939
DANCER ,&#128131
MAN DANCING,&#128378
WOMAN WITH BUNNY EARS ,&#128111
MAN IN BUSINESS SUIT LEVITATING,&#128372
SPEAKING HEAD IN SILHOUETTE ,&#128483
BUST IN SILHOUETTE,&#128100
BUSTS IN SILHOUETTE,&#128101
MAN AND WOMAN HOLDING HANDS,&#128107
TWO MEN HOLDING HANDS,&#128108
TWO WOMEN HOLDING HANDS,&#128109
KISS,&#128143
COUPLE WITH HEART,&#128145
FAMILY,&#128106
FLEXED BICEPS,&#128170
SELFIE,&#129331
WHITE LEFT POINTING BACKHAND INDEX ,&#128072
WHITE RIGHT POINTING BACKHAND INDEX ,&#128073
WHITE UP POINTING INDEX ,&#9757
WHITE UP POINTING BACKHAND INDEX ,&#128070
REVERSED HAND WITH MIDDLE FINGER EXTENDED ,&#128405
WHITE DOWN POINTING BACKHAND INDEX ,&#128071
VICTORY HAND,&#9996
HAND WITH INDEX AND MIDDLE FINGERS CROSSED ,&#129310
RAISED HAND WITH PART BETWEEN MIDDLE AND RING FINGERS ,&#128406
SIGN OF THE HORNS,&#129304
CALL ME HAND,&#129305
RAISED HAND WITH FINGERS SPLAYED,&#128400
RAISED HAND,&#9995
OK HAND SIGN ,&#128076
THUMBS UP SIGN ,&#128077
THUMBS DOWN SIGN ,&#128078
RAISED FIST,&#9994
FISTED HAND SIGN ,&#128074
LEFT-FACING FIST,&#129307
RIGHT-FACING FIST,&#129308
RAISED BACK OF HAND,&#129306
WAVING HAND SIGN ,&#128075
CLAPPING HANDS SIGN ,&#128079
WRITING HAND,&#9997
OPEN HANDS SIGN ,&#128080
PERSON RAISING BOTH HANDS IN CELEBRATION ,&#128588
PERSON WITH FOLDED HANDS ,&#128591
HANDSHAKE,&#129309
NAIL POLISH,&#128133
EAR,&#128066
NOSE,&#128067
FOOTPRINTS,&#128099
EYES,&#128064
EYE,&#128065
TONGUE,&#128069
MOUTH,&#128068
KISS MARK,&#128139
HEART WITH ARROW,&#128152
HEAVY BLACK HEART ,&#10084
BEATING HEART,&#128147
BROKEN HEART,&#128148
TWO HEARTS,&#128149
SPARKLING HEART,&#128150
GROWING HEART,&#128151
BLUE HEART,&#128153
GREEN HEART,&#128154
YELLOW HEART,&#128155
PURPLE HEART,&#128156
BLACK HEART,&#128420
HEART WITH RIBBON,&#128157
REVOLVING HEARTS,&#128158
HEART DECORATION,&#128159
HEAVY HEART EXCLAMATION MARK ORNAMENT ,&#10083
LOVE LETTER,&#128140
SLEEPING SYMBOL ,&#128164
ANGER SYMBOL,&#128162
BOMB,&#128163
COLLISION SYMBOL ,&#128165
SPLASHING SWEAT SYMBOL ,&#128166
DASH SYMBOL ,&#128168
DIZZY SYMBOL ,&#128171
SPEECH BALLOON,&#128172
LEFT SPEECH BUBBLE,&#128488
RIGHT ANGER BUBBLE,&#128495
THOUGHT BALLOON,&#128173
HOLE,&#128371
EYEGLASSES ,&#128083
DARK SUNGLASSES ,&#128374
NECKTIE,&#128084
T-SHIRT,&#128085
JEANS,&#128086
DRESS,&#128087
KIMONO,&#128088
BIKINI,&#128089
WOMANS CLOTHES ,&#128090
PURSE,&#128091
HANDBAG,&#128092
POUCH,&#128093
SHOPPING BAGS,&#128717
SCHOOL SATCHEL ,&#127890
MANS SHOE ,&#128094
ATHLETIC SHOE ,&#128095
HIGH-HEELED SHOE,&#128096
WOMANS SANDAL ,&#128097
WOMANS BOOTS ,&#128098
CROWN,&#128081
WOMANS HAT ,&#128082
TOP HAT,&#127913
GRADUATION CAP,&#127891
HELMET WITH WHITE CROSS,&#9937
PRAYER BEADS,&#128255
LIPSTICK,&#128132
RING,&#128141
GEM STONE,&#128142
MONKEY FACE,&#128053
MONKEY,&#128018
GORILLA,&#129421
DOG FACE,&#128054
DOG,&#128021
POODLE,&#128041
WOLF FACE,&#128058
FOX FACE,&#129418
CAT FACE,&#128049
CAT,&#128008
LION FACE,&#129409
TIGER FACE,&#128047
TIGER,&#128005
LEOPARD,&#128006
HORSE FACE,&#128052
HORSE,&#128014
DEER,&#129420
UNICORN FACE,&#129412
COW FACE,&#128046
OX,&#128002
WATER BUFFALO,&#128003
COW,&#128004
PIG FACE,&#128055
PIG,&#128022
BOAR,&#128023
PIG NOSE,&#128061
RAM,&#128015
SHEEP,&#128017
GOAT,&#128016
DROMEDARY CAMEL ,&#128042
BACTRIAN CAMEL ,&#128043
ELEPHANT,&#128024
RHINOCEROS,&#129423
MOUSE FACE,&#128045
MOUSE,&#128001
RAT,&#128000
HAMSTER FACE,&#128057
RABBIT FACE,&#128048
RABBIT,&#128007
CHIPMUNK,&#128063
BAT,&#129415
BEAR FACE,&#128059
KOALA,&#128040
PANDA FACE,&#128060
PAW PRINTS,&#128062
TURKEY,&#129411
CHICKEN,&#128020
ROOSTER,&#128019
HATCHING CHICK,&#128035
BABY CHICK,&#128036
FRONT-FACING BABY CHICK,&#128037
BIRD,&#128038
PENGUIN,&#128039
DOVE OF PEACE ,&#128330
EAGLE,&#129413
DUCK,&#129414
OWL,&#129417
FROG FACE,&#128056
CROCODILE,&#128010
TURTLE,&#128034
LIZARD,&#129422
SNAKE,&#128013
DRAGON FACE,&#128050
DRAGON,&#128009
SPOUTING WHALE,&#128051
WHALE,&#128011
DOLPHIN,&#128044
FISH,&#128031
TROPICAL FISH,&#128032
BLOWFISH,&#128033
SHARK,&#129416
OCTOPUS,&#128025
SPIRAL SHELL,&#128026
CRAB,&#129408
SHRIMP,&#129424
SQUID,&#129425
BUTTERFLY,&#129419
SNAIL,&#128012
BUG,&#128027
ANT,&#128028
HONEYBEE,&#128029
LADY BEETLE,&#128030
SPIDER,&#128375
SPIDER WEB,&#128376
SCORPION,&#129410
BOUQUET,&#128144
CHERRY BLOSSOM,&#127800
WHITE FLOWER,&#128174
ROSETTE,&#127989
ROSE,&#127801
WILTED FLOWER,&#129344
HIBISCUS,&#127802
SUNFLOWER,&#127803
BLOSSOM,&#127804
TULIP,&#127799
SEEDLING,&#127793
EVERGREEN TREE ,&#127794
DECIDUOUS TREE,&#127795
PALM TREE,&#127796
CACTUS,&#127797
EAR OF RICE ,&#127806
HERB,&#127807
SHAMROCK,&#9752
FOUR LEAF CLOVER,&#127808
MAPLE LEAF,&#127809
FALLEN LEAF,&#127810
LEAF FLUTTERING IN WIND,&#127811
GRAPES,&#127815
MELON,&#127816
WATERMELON,&#127817
TANGERINE,&#127818
LEMON,&#127819
BANANA,&#127820
PINEAPPLE,&#127821
RED APPLE,&#127822
GREEN APPLE,&#127823
PEAR,&#127824
PEACH,&#127825
CHERRIES,&#127826
STRAWBERRY,&#127827
KIWIFRUIT,&#129373
TOMATO,&#127813
AVOCADO,&#129361
AUBERGINE ,&#127814
POTATO,&#129364
CARROT,&#129365
EAR OF MAIZE ,&#127805
HOT PEPPER,&#127798
CUCUMBER,&#129362
MUSHROOM,&#127812
PEANUTS,&#129372
CHESTNUT,&#127792
BREAD,&#127838
CROISSANT,&#129360
BAGUETTE BREAD,&#129366
PANCAKES,&#129374
CHEESE WEDGE,&#129472
MEAT ON BONE,&#127830
POULTRY LEG,&#127831
BACON,&#129363
HAMBURGER,&#127828
FRENCH FRIES,&#127839
SLICE OF PIZZA ,&#127829
HOT DOG,&#127789
TACO,&#127790
BURRITO,&#127791
STUFFED FLATBREAD,&#129369
EGG,&#129370
COOKING,&#127859
SHALLOW PAN OF FOOD,&#129368
POT OF FOOD,&#127858
GREEN SALAD,&#129367
POPCORN,&#127871
BENTO BOX,&#127857
RICE CRACKER,&#127832
RICE BALL,&#127833
COOKED RICE,&#127834
CURRY AND RICE ,&#127835
STEAMING BOWL,&#127836
SPAGHETTI,&#127837
ROASTED SWEET POTATO,&#127840
ODEN,&#127842
SUSHI,&#127843
FRIED SHRIMP,&#127844
FISH CAKE WITH SWIRL DESIGN ,&#127845
DANGO,&#127841
SOFT ICE CREAM,&#127846
SHAVED ICE,&#127847
ICE CREAM,&#127848
DOUGHNUT,&#127849
COOKIE,&#127850
BIRTHDAY CAKE,&#127874
SHORTCAKE,&#127856
CHOCOLATE BAR,&#127851
CANDY,&#127852
LOLLIPOP,&#127853
CUSTARD,&#127854
HONEY POT,&#127855
BABY BOTTLE,&#127868
GLASS OF MILK,&#129371
HOT BEVERAGE,&#9749
TEACUP WITHOUT HANDLE,&#127861
SAKE BOTTLE AND CUP ,&#127862
BOTTLE WITH POPPING CORK,&#127870
WINE GLASS,&#127863
COCKTAIL GLASS,&#127864
TROPICAL DRINK,&#127865
BEER MUG,&#127866
CLINKING BEER MUGS,&#127867
CLINKING GLASSES,&#129346
TUMBLER GLASS,&#129347
FORK AND KNIFE WITH PLATE,&#127869
FORK AND KNIFE,&#127860
SPOON,&#129348
HOCHO ,&#128298
AMPHORA,&#127994
EARTH GLOBE EUROPE-AFRICA ,&#127757
EARTH GLOBE AMERICAS ,&#127758
EARTH GLOBE ASIA-AUSTRALIA ,&#127759
GLOBE WITH MERIDIANS,&#127760
WORLD MAP,&#128506
SILHOUETTE OF JAPAN ,&#128510
SNOW CAPPED MOUNTAIN ,&#127956
MOUNTAIN,&#9968
VOLCANO,&#127755
MOUNT FUJI,&#128507
CAMPING,&#127957
BEACH WITH UMBRELLA,&#127958
DESERT,&#127964
DESERT ISLAND,&#127965
NATIONAL PARK,&#127966
STADIUM,&#127967
CLASSICAL BUILDING,&#127963
BUILDING CONSTRUCTION,&#127959
HOUSE BUILDINGS,&#127960
CITYSCAPE,&#127961
DERELICT HOUSE BUILDING,&#127962
HOUSE BUILDING,&#127968
HOUSE WITH GARDEN,&#127969
OFFICE BUILDING,&#127970
JAPANESE POST OFFICE,&#127971
EUROPEAN POST OFFICE ,&#127972
HOSPITAL,&#127973
BANK,&#127974
HOTEL,&#127976
LOVE HOTEL,&#127977
CONVENIENCE STORE,&#127978
SCHOOL,&#127979
DEPARTMENT STORE,&#127980
FACTORY,&#127981
JAPANESE CASTLE,&#127983
EUROPEAN CASTLE ,&#127984
WEDDING,&#128146
TOKYO TOWER,&#128508
STATUE OF LIBERTY,&#128509
CHURCH,&#9962
MOSQUE,&#128332
SYNAGOGUE,&#128333
SHINTO SHRINE,&#9961
KAABA,&#128331
FOUNTAIN,&#9970
TENT,&#9978
FOGGY,&#127745
NIGHT WITH STARS,&#127747
SUNRISE OVER MOUNTAINS,&#127748
SUNRISE,&#127749
CITYSCAPE AT DUSK,&#127750
SUNSET OVER BUILDINGS ,&#127751
BRIDGE AT NIGHT,&#127753
HOT SPRINGS,&#9832
MILKY WAY,&#127756
CAROUSEL HORSE,&#127904
FERRIS WHEEL,&#127905
ROLLER COASTER,&#127906
BARBER POLE,&#128136
CIRCUS TENT,&#127914
PERFORMING ARTS,&#127917
FRAME WITH PICTURE,&#128444
ARTIST PALETTE,&#127912
SLOT MACHINE,&#127920
STEAM LOCOMOTIVE ,&#128642
RAILWAY CAR,&#128643
HIGH-SPEED TRAIN,&#128644
HIGH-SPEED TRAIN WITH BULLET NOSE,&#128645
TRAIN,&#128646
METRO,&#128647
LIGHT RAIL,&#128648
STATION,&#128649
TRAM,&#128650
MONORAIL,&#128669
MOUNTAIN RAILWAY,&#128670
TRAM CAR,&#128651
BUS,&#128652
ONCOMING BUS,&#128653
TROLLEYBUS,&#128654
MINIBUS,&#128656
AMBULANCE,&#128657
FIRE ENGINE,&#128658
POLICE CAR,&#128659
ONCOMING POLICE CAR,&#128660
TAXI,&#128661
ONCOMING TAXI,&#128662
AUTOMOBILE,&#128663
ONCOMING AUTOMOBILE,&#128664
RECREATIONAL VEHICLE,&#128665
DELIVERY TRUCK,&#128666
ARTICULATED LORRY,&#128667
TRACTOR,&#128668
BICYCLE,&#128690
SCOOTER ,&#128756
MOTOR SCOOTER,&#128757
RACING CAR,&#127950
RACING MOTORCYCLE ,&#127949
BUS STOP,&#128655
MOTORWAY,&#128739
RAILWAY TRACK,&#128740
FUEL PUMP,&#9981
POLICE CARS REVOLVING LIGHT ,&#128680
HORIZONTAL TRAFFIC LIGHT,&#128677
VERTICAL TRAFFIC LIGHT,&#128678
CONSTRUCTION SIGN ,&#128679
OCTAGONAL SIGN ,&#128721
ANCHOR,&#9875
SAILBOAT,&#9973
CANOE,&#128758
SPEEDBOAT,&#128676
PASSENGER SHIP,&#128755
FERRY,&#9972
MOTOR BOAT,&#128741
SHIP,&#128674
AIRPLANE,&#9992
SMALL AIRPLANE,&#128745
AIRPLANE DEPARTURE,&#128747
AIRPLANE ARRIVING ,&#128748
SEAT,&#128186
HELICOPTER,&#128641
SUSPENSION RAILWAY,&#128671
MOUNTAIN CABLEWAY,&#128672
AERIAL TRAMWAY,&#128673
ROCKET,&#128640
SATELLITE,&#128752
BELLHOP BELL,&#128718
DOOR,&#128682
SLEEPING ACCOMMODATION ,&#128716
BED,&#128719
COUCH AND LAMP,&#128715
TOILET,&#128701
SHOWER,&#128703
BATH ,&#128704
BATHTUB,&#128705
HOURGLASS,&#8987
HOURGLASS WITH FLOWING SAND,&#9203
WATCH,&#8986
ALARM CLOCK,&#9200
STOPWATCH,&#9201
TIMER CLOCK,&#9202
MANTELPIECE CLOCK,&#128368
CLOCK FACE TWELVE OCLOCK ,&#128347
CLOCK FACE TWELVE-THIRTY ,&#128359
CLOCK FACE ONE OCLOCK ,&#128336
CLOCK FACE ONE-THIRTY ,&#128348
CLOCK FACE TWO OCLOCK ,&#128337
CLOCK FACE TWO-THIRTY ,&#128349
CLOCK FACE THREE OCLOCK ,&#128338
CLOCK FACE THREE-THIRTY ,&#128350
CLOCK FACE FOUR OCLOCK ,&#128339
CLOCK FACE FOUR-THIRTY ,&#128351
CLOCK FACE FIVE OCLOCK ,&#128340
CLOCK FACE FIVE-THIRTY ,&#128352
CLOCK FACE SIX OCLOCK ,&#128341
CLOCK FACE SIX-THIRTY ,&#128353
CLOCK FACE SEVEN OCLOCK ,&#128342
CLOCK FACE SEVEN-THIRTY ,&#128354
CLOCK FACE EIGHT OCLOCK ,&#128343
CLOCK FACE EIGHT-THIRTY ,&#128355
CLOCK FACE NINE OCLOCK ,&#128344
CLOCK FACE NINE-THIRTY ,&#128356
CLOCK FACE TEN OCLOCK ,&#128345
CLOCK FACE TEN-THIRTY ,&#128357
CLOCK FACE ELEVEN OCLOCK ,&#128346
CLOCK FACE ELEVEN-THIRTY ,&#128358
NEW MOON SYMBOL ,&#127761
WAXING CRESCENT MOON SYMBOL ,&#127762
FIRST QUARTER MOON SYMBOL ,&#127763
WAXING GIBBOUS MOON SYMBOL ,&#127764
FULL MOON SYMBOL ,&#127765
WANING GIBBOUS MOON SYMBOL ,&#127766
LAST QUARTER MOON SYMBOL ,&#127767
WANING CRESCENT MOON SYMBOL ,&#127768
CRESCENT MOON,&#127769
NEW MOON WITH FACE ,&#127770
FIRST QUARTER MOON WITH FACE,&#127771
LAST QUARTER MOON WITH FACE,&#127772
THERMOMETER,&#127777
BLACK SUN WITH RAYS ,&#9728
FULL MOON WITH FACE,&#127773
SUN WITH FACE,&#127774
WHITE MEDIUM STAR,&#11088
GLOWING STAR,&#127775
SHOOTING STAR,&#127776
CLOUD,&#9729
SUN BEHIND CLOUD,&#9925
THUNDER CLOUD AND RAIN ,&#9928
WHITE SUN WITH SMALL CLOUD ,&#127780
WHITE SUN BEHIND CLOUD ,&#127781
WHITE SUN BEHIND CLOUD WITH RAIN ,&#127782
CLOUD WITH RAIN,&#127783
CLOUD WITH SNOW,&#127784
CLOUD WITH LIGHTNING,&#127785
CLOUD WITH TORNADO ,&#127786
FOG,&#127787
WIND BLOWING FACE ,&#127788
CYCLONE,&#127744
RAINBOW,&#127752
CLOSED UMBRELLA,&#127746
UMBRELLA,&#9730
UMBRELLA WITH RAIN DROPS,&#9748
UMBRELLA ON GROUND,&#9969
HIGH VOLTAGE SIGN ,&#9889
SNOWFLAKE,&#10052
SNOWMAN,&#9731
SNOWMAN WITHOUT SNOW,&#9924
COMET,&#9732
FIRE,&#128293
DROPLET,&#128167
WATER WAVE,&#127754
JACK-O-LANTERN,&#127875
CHRISTMAS TREE,&#127876
FIREWORKS,&#127878
FIREWORK SPARKLER ,&#127879
SPARKLES,&#10024
BALLOON,&#127880
PARTY POPPER,&#127881
CONFETTI BALL,&#127882
TANABATA TREE,&#127883
PINE DECORATION,&#127885
JAPANESE DOLLS,&#127886
CARP STREAMER,&#127887
WIND CHIME,&#127888
MOON VIEWING CEREMONY ,&#127889
RIBBON,&#127872
WRAPPED PRESENT,&#127873
REMINDER RIBBON,&#127895
ADMISSION TICKETS,&#127903
TICKET,&#127915
MILITARY MEDAL,&#127894
TROPHY,&#127942
SPORTS MEDAL,&#127941
FIRST PLACE MEDAL ,&#129351
SECOND PLACE MEDAL ,&#129352
THIRD PLACE MEDAL ,&#129353
SOCCER BALL,&#9917
BASEBALL,&#9918
BASKETBALL AND HOOP ,&#127936
VOLLEYBALL,&#127952
AMERICAN FOOTBALL,&#127944
RUGBY FOOTBALL,&#127945
TENNIS RACQUET AND BALL ,&#127934
BILLIARDS,&#127921
BOWLING,&#127923
CRICKET BAT AND BALL ,&#127951
FIELD HOCKEY STICK AND BALL ,&#127953
ICE HOCKEY STICK AND PUCK,&#127954
TABLE TENNIS PADDLE AND BALL ,&#127955
BADMINTON RACQUET AND SHUTTLECOCK ,&#127992
BOXING GLOVE,&#129354
MARTIAL ARTS UNIFORM,&#129355
GOAL NET,&#129349
DIRECT HIT,&#127919
FLAG IN HOLE,&#9971
ICE SKATE,&#9976
FISHING POLE AND FISH ,&#127907
RUNNING SHIRT WITH SASH ,&#127933
SKI AND SKI BOOT ,&#127935
FENCER ,&#129338
HORSE RACING,&#127943
SKIER,&#9975
SNOWBOARDER,&#127938
GOLFER ,&#127948
SURFER ,&#127940
ROWBOAT ,&#128675
SWIMMER ,&#127946
PERSON WITH BALL,&#9977
WEIGHT LIFTER ,&#127947
BICYCLIST ,&#128692
MOUNTAIN BICYCLIST ,&#128693
PERSON DOING CARTWHEEL,&#129336
WRESTLERS ,&#129340
WATER POLO ,&#129341
HANDBALL ,&#129342
JUGGLING ,&#129337
VIDEO GAME,&#127918
JOYSTICK,&#128377
GAME DIE,&#127922
BLACK SPADE SUIT ,&#9824
BLACK HEART SUIT ,&#9829
BLACK DIAMOND SUIT ,&#9830
BLACK CLUB SUIT ,&#9827
PLAYING CARD BLACK JOKER ,&#127183
MAHJONG TILE RED DRAGON ,&#126980
FLOWER PLAYING CARDS,&#127924
SPEAKER WITH CANCELLATION STROKE ,&#128263
SPEAKER,&#128264
SPEAKER WITH ONE SOUND WAVE ,&#128265
SPEAKER WITH THREE SOUND WAVES ,&#128266
PUBLIC ADDRESS LOUDSPEAKER ,&#128226
CHEERING MEGAPHONE ,&#128227
POSTAL HORN,&#128239
BELL,&#128276
BELL WITH CANCELLATION STROKE ,&#128277
MUSICAL SCORE,&#127932
MUSICAL NOTE,&#127925
MULTIPLE MUSICAL NOTES ,&#127926
STUDIO MICROPHONE,&#127897
LEVEL SLIDER,&#127898
CONTROL KNOBS,&#127899
MICROPHONE,&#127908
HEADPHONE,&#127911
RADIO,&#128251
SAXOPHONE,&#127927
GUITAR,&#127928
MUSICAL KEYBOARD,&#127929
TRUMPET,&#127930
VIOLIN,&#127931
DRUM WITH DRUMSTICKS ,&#129345
MOBILE PHONE,&#128241
MOBILE PHONE WITH RIGHTWARDS ARROW AT LEFT ,&#128242
BLACK TELEPHONE ,&#9742
TELEPHONE RECEIVER,&#128222
PAGER,&#128223
FAX MACHINE,&#128224
BATTERY,&#128267
ELECTRIC PLUG,&#128268
PERSONAL COMPUTER ,&#128187
DESKTOP COMPUTER,&#128421
PRINTER,&#128424
KEYBOARD,&#9000
THREE BUTTON MOUSE ,&#128433
TRACKBALL,&#128434
MINIDISC,&#128189
FLOPPY DISK,&#128190
OPTICAL DISC,&#128191
DVD,&#128192
MOVIE CAMERA,&#127909
FILM FRAMES,&#127902
FILM PROJECTOR,&#128253
CLAPPER BOARD,&#127916
TELEVISION,&#128250
CAMERA,&#128247
CAMERA WITH FLASH,&#128248
VIDEO CAMERA,&#128249
VIDEOCASSETTE,&#128252
LEFT-POINTING MAGNIFYING GLASS,&#128269
RIGHT-POINTING MAGNIFYING GLASS,&#128270
MICROSCOPE,&#128300
TELESCOPE,&#128301
SATELLITE ANTENNA,&#128225
CANDLE,&#128367
ELECTRIC LIGHT BULB ,&#128161
ELECTRIC TORCH ,&#128294
IZAKAYA LANTERN ,&#127982
NOTEBOOK WITH DECORATIVE COVER,&#128212
CLOSED BOOK,&#128213
OPEN BOOK,&#128214
GREEN BOOK,&#128215
BLUE BOOK,&#128216
ORANGE BOOK,&#128217
BOOKS,&#128218
NOTEBOOK,&#128211
LEDGER,&#128210
PAGE WITH CURL,&#128195
SCROLL,&#128220
PAGE FACING UP,&#128196
NEWSPAPER,&#128240
ROLLED-UP NEWSPAPER,&#128478
BOOKMARK TABS,&#128209
BOOKMARK,&#128278
LABEL,&#127991
MONEY BAG,&#128176
BANKNOTE WITH YEN SIGN ,&#128180
BANKNOTE WITH DOLLAR SIGN ,&#128181
BANKNOTE WITH EURO SIGN ,&#128182
BANKNOTE WITH POUND SIGN ,&#128183
MONEY WITH WINGS,&#128184
CREDIT CARD,&#128179
CHART WITH UPWARDS TREND AND YEN SIGN ,&#128185
CURRENCY EXCHANGE,&#128177
HEAVY DOLLAR SIGN,&#128178
ENVELOPE,&#9993
E-MAIL SYMBOL ,&#128231
INCOMING ENVELOPE,&#128232
ENVELOPE WITH DOWNWARDS ARROW ABOVE ,&#128233
OUTBOX TRAY,&#128228
INBOX TRAY,&#128229
PACKAGE,&#128230
CLOSED MAILBOX WITH RAISED FLAG,&#128235
CLOSED MAILBOX WITH LOWERED FLAG,&#128234
OPEN MAILBOX WITH RAISED FLAG,&#128236
OPEN MAILBOX WITH LOWERED FLAG,&#128237
POSTBOX,&#128238
BALLOT BOX WITH BALLOT,&#128499
PENCIL,&#9999
BLACK NIB,&#10002
LOWER LEFT FOUNTAIN PEN ,&#128395
LOWER LEFT BALLPOINT PEN ,&#128394
LOWER LEFT PAINTBRUSH ,&#128396
LOWER LEFT CRAYON ,&#128397
MEMO,&#128221
BRIEFCASE,&#128188
FILE FOLDER,&#128193
OPEN FILE FOLDER,&#128194
CARD INDEX DIVIDERS,&#128450
CALENDAR,&#128197
TEAR-OFF CALENDAR,&#128198
SPIRAL NOTE PAD ,&#128466
SPIRAL CALENDAR PAD ,&#128467
CARD INDEX,&#128199
CHART WITH UPWARDS TREND ,&#128200
CHART WITH DOWNWARDS TREND ,&#128201
BAR CHART,&#128202
CLIPBOARD,&#128203
PUSHPIN,&#128204
ROUND PUSHPIN,&#128205
PAPERCLIP,&#128206
LINKED PAPERCLIPS,&#128391
STRAIGHT RULER,&#128207
TRIANGULAR RULER,&#128208
BLACK SCISSORS ,&#9986
CARD FILE BOX,&#128451
FILE CABINET,&#128452
WASTEBASKET,&#128465
LOCK,&#128274
OPEN LOCK,&#128275
LOCK WITH INK PEN ,&#128271
CLOSED LOCK WITH KEY,&#128272
KEY,&#128273
OLD KEY,&#128477
HAMMER,&#128296
PICK,&#9935
HAMMER AND PICK,&#9874
HAMMER AND WRENCH,&#128736
DAGGER KNIFE ,&#128481
CROSSED SWORDS,&#9876
PISTOL,&#128299
BOW AND ARROW,&#127993
SHIELD,&#128737
WRENCH,&#128295
NUT AND BOLT,&#128297
GEAR,&#9881
COMPRESSION,&#128476
ALEMBIC,&#9879
SCALES ,&#9878
LINK SYMBOL ,&#128279
CHAINS,&#9939
SYRINGE,&#128137
PILL,&#128138
SMOKING SYMBOL ,&#128684
COFFIN,&#9904
FUNERAL URN,&#9905
MOYAI ,&#128511
OIL DRUM,&#128738
CRYSTAL BALL,&#128302
SHOPPING TROLLEY ,&#128722
AUTOMATED TELLER MACHINE ,&#127975
PUT LITTER IN ITS PLACE SYMBOL ,&#128686
POTABLE WATER SYMBOL ,&#128688
WHEELCHAIR SYMBOL ,&#9855
MENS SYMBOL ,&#128697
WOMENS SYMBOL ,&#128698
RESTROOM,&#128699
BABY SYMBOL,&#128700
WATER CLOSET,&#128702
PASSPORT CONTROL,&#128706
CUSTOMS,&#128707
BAGGAGE CLAIM,&#128708
LEFT LUGGAGE,&#128709
WARNING SIGN ,&#9888
CHILDREN CROSSING,&#128696
NO ENTRY,&#9940
NO ENTRY SIGN ,&#128683
NO BICYCLES,&#128691
NO SMOKING SYMBOL ,&#128685
DO NOT LITTER SYMBOL ,&#128687
NON-POTABLE WATER SYMBOL ,&#128689
NO PEDESTRIANS,&#128695
NO MOBILE PHONES,&#128245
NO ONE UNDER EIGHTEEN SYMBOL ,&#128286
RADIOACTIVE SIGN ,&#9762
BIOHAZARD SIGN ,&#9763
UPWARDS BLACK ARROW ,&#11014
NORTH EAST ARROW ,&#8599
BLACK RIGHTWARDS ARROW ,&#10145
SOUTH EAST ARROW ,&#8600
DOWNWARDS BLACK ARROW ,&#11015
SOUTH WEST ARROW ,&#8601
LEFTWARDS BLACK ARROW ,&#11013
NORTH WEST ARROW ,&#8598
UP DOWN ARROW ,&#8597
LEFT RIGHT ARROW ,&#8596
LEFTWARDS ARROW WITH HOOK ,&#8617
RIGHTWARDS ARROW WITH HOOK ,&#8618
ARROW POINTING RIGHTWARDS THEN CURVING UPWARDS ,&#10548
ARROW POINTING RIGHTWARDS THEN CURVING DOWNWARDS ,&#10549
CLOCKWISE DOWNWARDS AND UPWARDS OPEN CIRCLE ARROWS ,&#128259
ANTICLOCKWISE DOWNWARDS AND UPWARDS OPEN CIRCLE ARROWS ,&#128260
BACK WITH LEFTWARDS ARROW ABOVE ,&#128281
END WITH LEFTWARDS ARROW ABOVE ,&#128282
ON WITH EXCLAMATION MARK WITH LEFT RIGHT ARROW ABOVE ,&#128283
SOON WITH RIGHTWARDS ARROW ABOVE ,&#128284
TOP WITH UPWARDS ARROW ABOVE ,&#128285
PLACE OF WORSHIP,&#128720
ATOM SYMBOL,&#9883
OM SYMBOL ,&#128329
STAR OF DAVID,&#10017
WHEEL OF DHARMA,&#9784
YIN YANG,&#9775
LATIN CROSS,&#10013
ORTHODOX CROSS,&#9766
STAR AND CRESCENT,&#9770
PEACE SYMBOL,&#9774
MENORAH WITH NINE BRANCHES ,&#128334
SIX POINTED STAR WITH MIDDLE DOT ,&#128303
BLACK UNIVERSAL RECYCLING SYMBOL ,&#9851
NAME BADGE,&#128219
FLEUR-DE-LIS,&#9884
JAPANESE SYMBOL FOR BEGINNER,&#128304
TRIDENT EMBLEM,&#128305
HEAVY LARGE CIRCLE,&#11093
WHITE HEAVY CHECK MARK,&#9989
BALLOT BOX WITH CHECK,&#9745
HEAVY CHECK MARK,&#10004
HEAVY MULTIPLICATION X,&#10006
CROSS MARK,&#10060
NEGATIVE SQUARED CROSS MARK ,&#10062
HEAVY PLUS SIGN,&#10133
HEAVY MINUS SIGN,&#10134
HEAVY DIVISION SIGN,&#10135
CURLY LOOP,&#10160
DOUBLE CURLY LOOP,&#10175
PART ALTERNATION MARK,&#12349
EIGHT SPOKED ASTERISK ,&#10035
EIGHT POINTED BLACK STAR ,&#10036
SPARKLE,&#10055
DOUBLE EXCLAMATION MARK,&#8252
EXCLAMATION QUESTION MARK,&#8265
BLACK QUESTION MARK ORNAMENT ,&#10067
WHITE QUESTION MARK ORNAMENT ,&#10068
WHITE EXCLAMATION MARK ORNAMENT ,&#10069
HEAVY EXCLAMATION MARK SYMBOL ,&#10071
WAVY DASH,&#12336
COPYRIGHT SIGN ,&#169
REGISTERED SIGN ,&#174
TRADE MARK SIGN ,&#8482
ARIES,&#9800
TAURUS,&#9801
GEMINI,&#9802
CANCER,&#9803
LEO,&#9804
VIRGO,&#9805
LIBRA,&#9806
SCORPIUS,&#9807
SAGITTARIUS,&#9808
CAPRICORN,&#9809
AQUARIUS,&#9810
PISCES,&#9811
OPHIUCHUS,&#9934
TWISTED RIGHTWARDS ARROWS ,&#128256
CLOCKWISE RIGHTWARDS AND LEFTWARDS OPEN CIRCLE ARROWS ,&#128257
CLOCKWISE RIGHTWARDS AND LEFTWARDS OPEN CIRCLE ARROWS WITH CIRCLED ONE OVERLAY ,&#128258
BLACK RIGHT-POINTING TRIANGLE ,&#9654
BLACK RIGHT-POINTING DOUBLE TRIANGLE ,&#9193
BLACK RIGHT-POINTING DOUBLE TRIANGLE WITH VERTICAL BAR ,&#9197
BLACK RIGHT-POINTING TRIANGLE WITH DOUBLE VERTICAL BAR ,&#9199
BLACK LEFT-POINTING TRIANGLE ,&#9664
BLACK LEFT-POINTING DOUBLE TRIANGLE ,&#9194
BLACK LEFT-POINTING DOUBLE TRIANGLE WITH VERTICAL BAR ,&#9198
UP-POINTING SMALL RED TRIANGLE ,&#128316
BLACK UP-POINTING DOUBLE TRIANGLE ,&#9195
DOWN-POINTING SMALL RED TRIANGLE ,&#128317
BLACK DOWN-POINTING DOUBLE TRIANGLE ,&#9196
DOUBLE VERTICAL BAR ,&#9208
BLACK SQUARE FOR STOP ,&#9209
BLACK CIRCLE FOR RECORD ,&#9210
EJECT SYMBOL ,&#9167
CINEMA,&#127910
LOW BRIGHTNESS SYMBOL ,&#128261
HIGH BRIGHTNESS SYMBOL ,&#128262
ANTENNA WITH BARS ,&#128246
VIBRATION MODE,&#128243
MOBILE PHONE OFF,&#128244
keycap #,5039; &#8419
keycap *,5039; &#8419
keycap 0,5039; &#8419
keycap 1,5039; &#8419
keycap 2,5039; &#8419
keycap 3,5039; &#8419
keycap 4,5039; &#8419
keycap 5,5039; &#8419
keycap 6,5039; &#8419
keycap 7,5039; &#8419
keycap 8,5039; &#8419
keycap 9,5039; &#8419
KEYCAP TEN ,&#128287
HUNDRED POINTS SYMBOL ,&#128175
INPUT SYMBOL FOR LATIN CAPITAL LETTERS ,&#128288
INPUT SYMBOL FOR LATIN SMALL LETTERS ,&#128289
INPUT SYMBOL FOR NUMBERS ,&#128290
INPUT SYMBOL FOR SYMBOLS ,&#128291
INPUT SYMBOL FOR LATIN LETTERS ,&#128292
NEGATIVE SQUARED LATIN CAPITAL LETTER A ,&#127344
NEGATIVE SQUARED AB ,&#127374
NEGATIVE SQUARED LATIN CAPITAL LETTER B ,&#127345
SQUARED CL,&#127377
SQUARED COOL,&#127378
SQUARED FREE,&#127379
INFORMATION SOURCE,&#8505
SQUARED ID,&#127380
CIRCLED LATIN CAPITAL LETTER M ,&#9410
SQUARED NEW,&#127381
SQUARED NG,&#127382
NEGATIVE SQUARED LATIN CAPITAL LETTER O ,&#127358
SQUARED OK,&#127383
NEGATIVE SQUARED LATIN CAPITAL LETTER P ,&#127359
SQUARED SOS,&#127384
SQUARED UP WITH EXCLAMATION MARK ,&#127385
SQUARED VS,&#127386
SQUARED KATAKANA KOKO,&#127489
SQUARED KATAKANA SA,&#127490
SQUARED CJK UNIFIED IDEOGRAPH-6708 ,&#127543
SQUARED CJK UNIFIED IDEOGRAPH-6709 ,&#127542
SQUARED CJK UNIFIED IDEOGRAPH-6307 ,&#127535
CIRCLED IDEOGRAPH ADVANTAGE ,&#127568
SQUARED CJK UNIFIED IDEOGRAPH-5272 ,&#127545
SQUARED CJK UNIFIED IDEOGRAPH-7121 ,&#127514
SQUARED CJK UNIFIED IDEOGRAPH-7981 ,&#127538
CIRCLED IDEOGRAPH ACCEPT ,&#127569
SQUARED CJK UNIFIED IDEOGRAPH-7533 ,&#127544
SQUARED CJK UNIFIED IDEOGRAPH-5408 ,&#127540
SQUARED CJK UNIFIED IDEOGRAPH-7A7A ,&#127539
CIRCLED IDEOGRAPH CONGRATULATION ,&#12951
CIRCLED IDEOGRAPH SECRET ,&#12953
SQUARED CJK UNIFIED IDEOGRAPH-55B6 ,&#127546
SQUARED CJK UNIFIED IDEOGRAPH-6E80 ,&#127541
BLACK SMALL SQUARE,&#9642
WHITE SMALL SQUARE,&#9643
WHITE MEDIUM SQUARE,&#9723
BLACK MEDIUM SQUARE,&#9724
WHITE MEDIUM SMALL SQUARE ,&#9725
BLACK MEDIUM SMALL SQUARE ,&#9726
BLACK LARGE SQUARE,&#11035
WHITE LARGE SQUARE,&#11036
LARGE ORANGE DIAMOND,&#128310
LARGE BLUE DIAMOND,&#128311
SMALL ORANGE DIAMOND,&#128312
SMALL BLUE DIAMOND,&#128313
UP-POINTING RED TRIANGLE ,&#128314
DOWN-POINTING RED TRIANGLE ,&#128315
DIAMOND SHAPE WITH A DOT INSIDE ,&#128160
RADIO BUTTON,&#128280
BLACK SQUARE BUTTON,&#128306
WHITE SQUARE BUTTON,&#128307
MEDIUM WHITE CIRCLE ,&#9898
MEDIUM BLACK CIRCLE ,&#9899
LARGE RED CIRCLE ,&#128308
LARGE BLUE CIRCLE ,&#128309
CHEQUERED FLAG,&#127937
TRIANGULAR FLAG ON POST ,&#128681
CROSSED FLAGS,&#127884
WAVING BLACK FLAG,&#127988
WAVING WHITE FLAG,&#127987
Ascension Island, &#127464
Andorra, &#127465
United Arab Emirates, &#127466
Afghanistan, &#127467
Antigua & Barbuda, &#127468
Anguilla, &#127470
Albania, &#127473
Armenia, &#127474
Angola, &#127476
Antarctica, &#127478
Argentina, &#127479
American Samoa, &#127480
Austria, &#127481
Australia, &#127482
Aruba, &#127484
Ã…land Islands, &#127485
Azerbaijan, &#127487
Bosnia & Herzegovina, &#127462
Barbados, &#127463
Bangladesh, &#127465
Belgium, &#127466
Burkina Faso, &#127467
Bulgaria, &#127468
Bahrain, &#127469
Burundi, &#127470
Benin, &#127471
St. BarthÃ©lemy, &#127473
Bermuda, &#127474
Brunei, &#127475
Bolivia, &#127476
Caribbean Netherlands, &#127478
Brazil, &#127479
Bahamas, &#127480
Bhutan, &#127481
Bouvet Island, &#127483
Botswana, &#127484
Belarus, &#127486
Belize, &#127487
Canada, &#127462
Cocos (Keeling) Islands, &#127464
Congo - Kinshasa, &#127465
Central African Republic, &#127467
Congo - Brazzaville, &#127468
Switzerland, &#127469
CÃ´te dâ€™Ivoire, &#127470
Cook Islands, &#127472
Chile, &#127473
Cameroon, &#127474
China, &#127475
Colombia, &#127476
Clipperton Island, &#127477
Costa Rica, &#127479
Cuba, &#127482
Cape Verde, &#127483
CuraÃ§ao, &#127484
Christmas Island, &#127485
Cyprus, &#127486
Czech Republic, &#127487
Germany, &#127466
Diego Garcia, &#127468
Djibouti, &#127471
Denmark, &#127472
Dominica, &#127474
Dominican Republic, &#127476
Algeria, &#127487
Ceuta & Melilla, &#127462
Ecuador, &#127464
Estonia, &#127466
Egypt, &#127468
Western Sahara, &#127469
Eritrea, &#127479
Spain, &#127480
Ethiopia, &#127481
European Union, &#127482
Finland, &#127470
Fiji, &#127471
Falkland Islands, &#127472
Micronesia, &#127474
Faroe Islands, &#127476
France, &#127479
Gabon, &#127462
United Kingdom, &#127463
Grenada, &#127465
Georgia, &#127466
French Guiana, &#127467
Guernsey, &#127468
Ghana, &#127469
Gibraltar, &#127470
Greenland, &#127473
Gambia, &#127474
Guinea, &#127475
Guadeloupe, &#127477
Equatorial Guinea, &#127478
Greece, &#127479
South Georgia & South Sandwich Islands, &#127480
Guatemala, &#127481
Guam, &#127482
Guinea-Bissau, &#127484
Guyana, &#127486
Hong Kong SAR China, &#127472
Heard & McDonald Islands, &#127474
Honduras, &#127475
Croatia, &#127479
Haiti, &#127481
Hungary, &#127482
Canary Islands, &#127464
Indonesia, &#127465
Ireland, &#127466
Israel, &#127473
Isle of Man, &#127474
India, &#127475
British Indian Ocean Territory, &#127476
Iraq, &#127478
Iran, &#127479
Iceland, &#127480
Italy, &#127481
Jersey, &#127466
Jamaica, &#127474
Jordan, &#127476
Japan, &#127477
Kenya, &#127466
Kyrgyzstan, &#127468
Cambodia, &#127469
Kiribati, &#127470
Comoros, &#127474
St. Kitts & Nevis, &#127475
North Korea, &#127477
South Korea, &#127479
Kuwait, &#127484
Cayman Islands, &#127486
Kazakhstan, &#127487
Laos, &#127462
Lebanon, &#127463
St. Lucia, &#127464
Liechtenstein, &#127470
Sri Lanka, &#127472
Liberia, &#127479
Lesotho, &#127480
Lithuania, &#127481
Luxembourg, &#127482
Latvia, &#127483
Libya, &#127486
Morocco, &#127462
Monaco, &#127464
Moldova, &#127465
Montenegro, &#127466
St. Martin, &#127467
Madagascar, &#127468
Marshall Islands, &#127469
Macedonia, &#127472
Mali, &#127473
Myanmar (Burma), &#127474
Mongolia, &#127475
Macau SAR China, &#127476
Northern Mariana Islands, &#127477
Martinique, &#127478
Mauritania, &#127479
Montserrat, &#127480
Malta, &#127481
Mauritius, &#127482
Maldives, &#127483
Malawi, &#127484
Mexico, &#127485
Malaysia, &#127486
Mozambique, &#127487
Namibia, &#127462
New Caledonia, &#127464
Niger, &#127466
Norfolk Island, &#127467
Nigeria, &#127468
Nicaragua, &#127470
Netherlands, &#127473
Norway, &#127476
Nepal, &#127477
Nauru, &#127479
Niue, &#127482
New Zealand, &#127487
Oman, &#127474
Panama, &#127462
Peru, &#127466
French Polynesia, &#127467
Papua New Guinea, &#127468
Philippines, &#127469
Pakistan, &#127472
Poland, &#127473
St. Pierre & Miquelon, &#127474
Pitcairn Islands, &#127475
Puerto Rico, &#127479
Palestinian Territories, &#127480
Portugal, &#127481
Palau, &#127484
Paraguay, &#127486
Qatar, &#127462
RÃ©union, &#127466
Romania, &#127476
Serbia, &#127480
Russia, &#127482
Rwanda, &#127484
Saudi Arabia, &#127462
Solomon Islands, &#127463
Seychelles, &#127464
Sudan, &#127465
Sweden, &#127466
Singapore, &#127468
St. Helena, &#127469
Slovenia, &#127470
Svalbard & Jan Mayen, &#127471
Slovakia, &#127472
Sierra Leone, &#127473
San Marino, &#127474
Senegal, &#127475
Somalia, &#127476
Suriname, &#127479
South Sudan, &#127480
SÃ£o TomÃ© & PrÃ­ncipe, &#127481
El Salvador, &#127483
Sint Maarten, &#127485
Syria, &#127486
Swaziland, &#127487
Tristan da Cunha, &#127462
Turks & Caicos Islands, &#127464
Chad, &#127465
French Southern Territories, &#127467
Togo, &#127468
Thailand, &#127469
Tajikistan, &#127471
Tokelau, &#127472
Timor-Leste, &#127473
Turkmenistan, &#127474
Tunisia, &#127475
Tonga, &#127476
Turkey, &#127479
Trinidad & Tobago, &#127481
Tuvalu, &#127483
Taiwan, &#127484
Tanzania, &#127487
Ukraine, &#127462
Uganda, &#127468
U.S. Outlying Islands, &#127474
United States, &#127480
Uruguay, &#127486
Uzbekistan, &#127487
Vatican City, &#127462
St. Vincent & Grenadines, &#127464
Venezuela, &#127466
British Virgin Islands, &#127468
U.S. Virgin Islands, &#127470
Vietnam, &#127475
Vanuatu, &#127482
Wallis & Futuna, &#127467
Samoa, &#127480
Kosovo, &#127472
Yemen, &#127466
Mayotte, &#127481
South Africa, &#127462
Zambia, &#127474
Zimbabwe, &#127484
